Top pages,Clicks,Impressions,CTR,Position
https://www.unrealshot.com/,1537,22526,6.82%,17.96
https://www.unrealshot.com/blog/remaker-ai-face-swap-uses-features,172,14184,1.21%,44.65
https://www.unrealshot.com/ai-influencer-generator,54,1120,4.82%,40.23
https://www.unrealshot.com/ai-multiperson-photo-generator,49,745,6.58%,15.05
https://www.unrealshot.com/ai-couple-photo-generator,47,5606,0.84%,53.74
https://www.unrealshot.com/ai-christmas-photoshoot,34,5573,0.61%,20.61
https://www.unrealshot.com/profile-photo-maker,32,3884,0.82%,54.85
https://www.unrealshot.com/pricing,20,4855,0.41%,5.11
https://www.unrealshot.com/about,11,5723,0.19%,5.84
https://www.unrealshot.com/blog/best-aragon-ai-alternatives-in-2025,11,5197,0.21%,11.59
https://www.unrealshot.com/ai-glamour-photoshoot,10,2075,0.48%,18.56
https://www.unrealshot.com/email-signature-generator,10,2031,0.49%,74.34
https://www.unrealshot.com/use-case/dating-photos,10,979,1.02%,9.96
https://www.unrealshot.com/instagram-bio-generator,9,26409,0.03%,57.4
https://www.unrealshot.com/instagram-caption-generator,6,1698,0.35%,80.9
https://www.unrealshot.com/vintage-photoshoot,6,285,2.11%,8.48
https://www.unrealshot.com/ai-chef-headshots,6,250,2.4%,10.38
https://www.unrealshot.com/ai-fantasy-photoshoot,6,71,8.45%,7.55
https://www.unrealshot.com/blog,5,6204,0.08%,6.45
https://www.unrealshot.com/login,5,976,0.51%,3.28
https://www.unrealshot.com/blog/the-best-ai-headshot-generators-of-2026,4,10314,0.04%,8.55
https://www.unrealshot.com/professional-headshot-ai,4,10268,0.04%,67.25
https://www.unrealshot.com/blog/best-ai-headshot-generators-in-2026,4,4825,0.08%,8.94
https://www.unrealshot.com/ai-yearbook,4,392,1.02%,48.12
https://www.unrealshot.com/linkedin-post-generator,3,5820,0.05%,76.08
https://www.unrealshot.com/terms,3,4980,0.06%,6.93
https://www.unrealshot.com/faqs,3,3590,0.08%,6.77
https://www.unrealshot.com/blog/how-to-create-a-professional-ai-headshot-in-2025,3,621,0.48%,47.67
https://www.unrealshot.com/use-case/couple-photos,3,430,0.7%,20.98
https://www.unrealshot.com/ai-dating-photoshoot,3,287,1.05%,3.63
https://www.unrealshot.com/linkedin-bio-generator,2,2660,0.08%,73.44
https://www.unrealshot.com/ai-doctor-headshots,2,728,0.27%,42.66
https://www.unrealshot.com/street-style-photoshoot,2,192,1.04%,7.08
https://www.unrealshot.com/ai-instagram-photoshoot,2,64,3.12%,7.23
https://www.unrealshot.com/content/christmas1.jpg,2,47,4.26%,19.79
https://www.unrealshot.com/linkedin-headline-generator,1,7663,0.01%,83.78
https://www.unrealshot.com/contact-us,1,1664,0.06%,6.86
https://www.unrealshot.com/blog/ai-headshots-vs-professional-photographer-pros-and-cons,1,1390,0.07%,12.31
https://www.unrealshot.com/blog/7-common-dating-profile-photo-mistakes-and-how-ai-fixes-them,1,1171,0.09%,7.2
https://www.unrealshot.com/blog/how-to-use-ai-headshots-to-level-up-your-resume,1,269,0.37%,7.72
https://www.unrealshot.com/refund-policy,1,198,0.51%,9.07
https://www.unrealshot.com/ai-lawyer-headshots,1,170,0.59%,36.05
https://www.unrealshot.com/corporate-headshots,1,123,0.81%,60.3
https://www.unrealshot.com/founder-headshots,1,87,1.15%,10.23
https://www.unrealshot.com/office-outfit-photoshoot,1,78,1.28%,7.62
https://www.unrealshot.com/professional-headshots,1,63,1.59%,10.84
https://www.unrealshot.com/ai-real-estate-headshots,1,46,2.17%,44.33
https://www.unrealshot.com/ai-botanic-illustrations,1,44,2.27%,7.18
https://www.unrealshot.com/resume-headshots,1,42,2.38%,24.55
https://www.unrealshot.com/personal-branding-photoshoot,1,13,7.69%,22.85
https://www.unrealshot.com/landing/landingphotoman4.webp,1,2,50%,18.5
https://www.unrealshot.com/blog/best-aragon-ai-alternatives-in-2025#table-link-5,0,2759,0%,11.11
https://www.unrealshot.com/blog/best-aragon-ai-alternatives-in-2025#table-link-1,0,2752,0%,11.12
https://www.unrealshot.com/blog/best-aragon-ai-alternatives-in-2025#table-link-2,0,2435,0%,11.32
https://www.unrealshot.com/blog/best-aragon-ai-alternatives-in-2025#table-link-3,0,2434,0%,11.33
https://www.unrealshot.com/blog/best-aragon-ai-alternatives-in-2025#table-link-4,0,1979,0%,11.31
https://www.unrealshot.com/blog/the-best-15-ai-headshot-generators-in-2025-for-stunning-profiles,0,769,0%,18.35
https://www.unrealshot.com/blog/creative-christmas-photo-ideas-with-ai,0,456,0%,67.59
https://www.unrealshot.com/use-case/creative-headshots,0,240,0%,4.23
https://www.unrealshot.com/privacy-policy,0,202,0%,8.99
https://www.unrealshot.com/ai-maternity-photoshoot,0,192,0%,15.62
https://www.unrealshot.com/blog/creative-christmas-photo-ideas-to-create-with-ai,0,174,0%,16.18
https://www.unrealshot.com/blog/create-professional-ai-headshots-with-unrealshot-ai,0,150,0%,11.36
https://www.unrealshot.com/linkedin-headshots,0,91,0%,24.62
https://www.unrealshot.com/natural-looks-photoshoot,0,79,0%,9
https://www.unrealshot.com/ai-halloween-photoshoot,0,75,0%,10.71
https://www.unrealshot.com/blog/how-to-get-ai-photoshoots-that-look-like-you,0,69,0%,24.45
https://www.unrealshot.com/black-swan-photoshoot,0,65,0%,13.17
https://www.unrealshot.com/stylish-ai-portraits,0,49,0%,8.61
https://www.unrealshot.com/blog/26-january-ai-photo-editing-republic-day-image-prompts,0,44,0%,26.98
https://www.unrealshot.com/blog/how-to-use-saze-ai-text-to-speech,0,42,0%,6.29
https://www.unrealshot.com/neutral-muse-photoshoot,0,38,0%,8.61
https://www.unrealshot.com/denim-wear-photoshoot,0,35,0%,10.17
https://www.unrealshot.com/content/doctor1.webp,0,18,0%,17.78
https://www.unrealshot.com/content/ai-christmas-photo12.jpg,0,12,0%,16.42
https://www.unrealshot.com/content/ai-christmas-photo3.jpg,0,7,0%,19.29
https://www.unrealshot.com/content/christmas3.jpg,0,7,0%,30.14
https://www.unrealshot.com/content/ai-christmas-photo7.jpg,0,6,0%,24.5
https://www.unrealshot.com/content/ai-christmas-photo5.jpg,0,5,0%,16.8
https://www.unrealshot.com/ai-diwali-photoshoot,0,5,0%,17.6
https://www.unrealshot.com/blog?page=5,0,4,0%,8.75
https://www.unrealshot.com/landing/landingphotoman8.webp,0,4,0%,13
https://www.unrealshot.com/_next/image?url=/content/ai_christmas3.jpg&w=3840&q=75,0,4,0%,14.25
https://www.unrealshot.com/blog/the-best-ai-headshot-generators-of-2026#table-link-1,0,3,0%,3
https://www.unrealshot.com/blog/the-best-ai-headshot-generators-of-2026#table-link-2,0,3,0%,3
https://www.unrealshot.com/blog/the-best-ai-headshot-generators-of-2026#table-link-4,0,3,0%,3
https://www.unrealshot.com/content/doctor5.webp,0,3,0%,20
https://www.unrealshot.com/hero2.png,0,3,0%,23
https://www.unrealshot.com/images/hero4.webp,0,3,0%,38.33
https://www.unrealshot.com/content/glamour3.webp,0,2,0%,21
https://www.unrealshot.com/content/christmas2.jpg,0,2,0%,25
https://www.unrealshot.com/content/sachin.webp,0,1,0%,12
https://www.unrealshot.com/site-logo.png,0,1,0%,15
https://www.unrealshot.com/content/doctor7.webp,0,1,0%,19
https://www.unrealshot.com/images/aimodel6.jpg,0,1,0%,23
https://www.unrealshot.com/landing/landingphotowoman13.webp,0,1,0%,23
https://www.unrealshot.com/landing/landingphotowoman3.webp,0,1,0%,23
https://www.unrealshot.com/images/demo2.jpg,0,1,0%,28
https://www.unrealshot.com/content/doctor14.webp,0,1,0%,33
https://www.unrealshot.com/og-image.png,0,1,0%,47