Top queries,Clicks,Impressions,CTR,Position
unrealshot ai,725,1577,45.97%,1.09
unreal shot ai,67,79,84.81%,1
unrealshot,64,94,68.09%,4
unrealphotoshoot,57,167,34.13%,1.53
ai photoshoot,44,3813,1.15%,20.41
remaker ai face swap,40,1221,3.28%,42.07
unreal photoshoot,27,54,50%,1.02
remaker ai swap face free,22,330,6.67%,37.39
remaker ai,18,2086,0.86%,50.25
remaker ai face swap free,15,1625,0.92%,47.16
unreal photos ai,13,540,2.41%,4.93
unreal photoshoot ai,11,17,64.71%,1
ai influencer generator,9,263,3.42%,44.38
ai remaker,8,485,1.65%,61.69
ai glamour model generator,8,173,4.62%,8.64
remaker ai free,7,466,1.5%,46.09
free ai influencer generator for instagram,6,19,31.58%,37.16
photoshoot ai,5,1243,0.4%,17.94
unreal photos,5,474,1.05%,13.81
ai couple photo maker,5,288,1.74%,51.09
ai couple photo maker free,5,115,4.35%,61.61
remaker ai swap face,4,61,6.56%,36.79
free ai influencer generator,4,59,6.78%,47.61
ai christmas photoshoot,3,533,0.56%,13.38
ai glamour shots,3,246,1.22%,19.71
remaker ai face,3,216,1.39%,41.79
best ai influencer generator,3,175,1.71%,38.51
ai influencer generator free,3,108,2.78%,48.6
photoshoot ai generator,3,75,4%,24.04
remaker face,3,69,4.35%,49.97
face swap remaker,3,49,6.12%,46.22
unrealdesire ai,3,44,6.82%,8.41
virtual christmas photoshoot,3,33,9.09%,5.52
best ai influencer generator free,3,15,20%,40.2
ai photo shoot,2,629,0.32%,30.37
ai couple photo,2,272,0.74%,52.72
remaker.ai faceswap,2,205,0.98%,44.31
ai glamour,2,144,1.39%,21.6
face remaker,2,121,1.65%,41.04
remaker face swap free,2,114,1.75%,49.38
ai couple photo generator,2,91,2.2%,59.99
unrealphotos,2,75,2.67%,17.07
video face swap remaker,2,65,3.08%,49.38
aiphotoshoot,2,37,5.41%,8.38
remake face ai,2,17,11.76%,53
ai influencer creator free,2,9,22.22%,39
ai photo couple maker,2,7,28.57%,52.14
ai influencer generator free instagram,2,6,33.33%,53
couple generator ai,2,2,100%,49.5
instagram bio generator,1,17377,0.01%,54.64
linkedin headline generator,1,5128,0.02%,85.64
ai photoshoot generator,1,1155,0.09%,39.07
instagram caption generator,1,742,0.13%,85.46
profile photo maker,1,516,0.19%,73.48
remarker ai,1,435,0.23%,40.81
remaker face swap,1,353,0.28%,41.8
ai christmas photo generator,1,252,0.4%,39.08
couple ai,1,175,0.57%,58.59
ai photoshoots,1,168,0.6%,30.78
ai remaker face swap,1,132,0.76%,44.13
remaker ai face swap video,1,114,0.88%,46.89
remarker ai face swap,1,91,1.1%,14.57
couple photo generator,1,82,1.22%,57.54
couple ai photo generator,1,78,1.28%,61.81
corporate headshot ai,1,71,1.41%,85.61
remaker ai face free,1,51,1.96%,46.55
unrealphotos ai,1,45,2.22%,5.98
remaker ai faceswap,1,43,2.33%,46.19
christmas photoshoot ai,1,28,3.57%,17.32
remaker ai multiple face,1,27,3.7%,39.93
ai glamour shot generator,1,24,4.17%,7.25
remaker.ai/face-swap-free/,1,23,4.35%,65.22
glamour shot generator,1,20,5%,13.55
ai christmas photo shoot,1,19,5.26%,15.53
remarker ai face swap free,1,15,6.67%,17
ai couple image generator,1,14,7.14%,60.57
ai glamor shots,1,13,7.69%,19.69
ai photosession,1,13,7.69%,27.38
remaker ai face swap online free,1,13,7.69%,54.08
remaker .ai/face-swap-free,1,13,7.69%,60.23
unreal pictures,1,12,8.33%,29
remaker ai multiple face swap,1,12,8.33%,36.67
remaker ai.,1,11,9.09%,64.18
multi-expression portrait generator,1,10,10%,10.3
ai couple photo maker realistic,1,10,10%,25
free ai couple photo maker,1,10,10%,62.5
ai photoshopt,1,7,14.29%,10.29
create couple photo ai,1,5,20%,36.4
ai creepshots,1,4,25%,4.5
nelshot ai,1,4,25%,6
ai model influencer generator,1,4,25%,50
remaker in face,1,3,33.33%,39.67
create photoshoot,1,2,50%,5.5
remaker ai face swap free multiple photos,1,2,50%,39
ai influencer image generator free,1,2,50%,49.5
remake ai,1,1,100%,8
https://remaker.ai/face-swap-free/,1,1,100%,10
dreamshot ai,1,1,100%,11
makeinfluencer .ai,1,1,100%,15
ai couple photo creator,1,1,100%,16
clear photo ai free without login,1,1,100%,18
ai influencer model generator,1,1,100%,30
remaker ai https://remaker.ai face swap online free,1,1,100%,31
create realistic ai influencer for free,1,1,100%,35
facebook remaker ai,1,1,100%,35
remaker ai reviews,1,1,100%,43
remaker ai face swap couple online free,1,1,100%,49
free remaker ai,1,1,100%,59
remaker al tools,1,1,100%,68
remaker video ai,1,1,100%,73
aragon.ai alternative,0,2737,0%,11.42
linkedin post generator,0,2277,0%,69.6
quple ai,0,2004,0%,58.62
ai generated work profile picture tools 2026,0,1830,0%,11.28
ai headshot,0,1681,0%,76.71
instagram bio creator,0,1037,0%,67.94
linkedin headline generator ai,0,960,0%,81.38
instagram bio maker,0,950,0%,65.86
linkedin bio generator,0,926,0%,69.51
ai generated headshots,0,858,0%,65.89
ai professional headshot,0,755,0%,65.25
ai email signature generator,0,639,0%,80.78
ai linkedin post generator,0,616,0%,80.32
headshot ai,0,571,0%,70.92
ai headshots,0,548,0%,74.42
ai generated linkedin post,0,547,0%,81.6
bio generator instagram,0,546,0%,61.83
ai generated photoshoot,0,539,0%,39.23
bio generator for instagram,0,534,0%,69.21
photoshoot generator,0,449,0%,27.19
photo shot ai,0,430,0%,56.77
ai generated headshot,0,421,0%,71.25
ig bio generator,0,417,0%,67.47
ai professional headshot generator,0,416,0%,78.78
remaker ai tools,0,414,0%,52.22
ai generated professional headshot,0,364,0%,63.84
professional headshot ai,0,362,0%,68.2
linkedin profile creator,0,345,0%,87.94
does hitchadshoot.com have a blog,0,341,0%,7.59
professional photo maker,0,339,0%,77.17
linkedin ai post generator,0,337,0%,82.24
ai email signature,0,323,0%,79.52
bio creator for instagram,0,304,0%,71.73
remaker ai face swap free photo,0,291,0%,51.1
bio maker for instagram,0,291,0%,64.09
professional profile picture maker,0,288,0%,82.82
ai photo shoot generator,0,272,0%,37.91
free linkedin headline generator,0,263,0%,75.91
dr headshots,0,259,0%,56.79
linkedin profile headline generator,0,253,0%,84.63
bio maker instagram,0,241,0%,71.48
ai photoshoot generators,0,234,0%,28.9
linkedin post generator ai,0,222,0%,81.1
instagram biography generator,0,220,0%,74.7
ai christmas photo,0,203,0%,49.58
ai-generated linkedin post captions,0,202,0%,79.72
turn your photo into a glamour shot,0,201,0%,50.4
headshots ai,0,201,0%,65.94
professional headshots ai,0,201,0%,66.66
ai couple,0,200,0%,68.19
free ai email signature generator,0,199,0%,83.35
linkedin post ai generator,0,194,0%,80.68
ai glamorous,0,188,0%,44.02
ai professional headshots,0,183,0%,67.72
face swap by remaker alternative,0,183,0%,69.19
linkedin content generator,0,177,0%,81.16
create instagram bio,0,175,0%,67.6
instagram bio writer,0,173,0%,65.29
ai headshot generator,0,171,0%,72.04
ai generated couple images,0,169,0%,56.15
photographer instagram bio generator,0,168,0%,36.77
instagram bio generate,0,168,0%,50.32
bio instagram generator,0,164,0%,66.87
linkedin title generator,0,162,0%,79.81
generate photoshoot,0,158,0%,44.18
professional ai headshot,0,158,0%,66.25
linked in bio creator tools,0,155,0%,83.97
linked in headline generator,0,154,0%,87.93
ig caption generator,0,154,0%,92.42
aragon ai alternative,0,149,0%,12.77
generate captions for instagram,0,147,0%,82.65
linkedin ai generator,0,147,0%,89.25
professional ai headshots,0,145,0%,63.44
ai linkedin bio generator,0,145,0%,68.35
insta bio maker,0,144,0%,64.01
ai for linkedin posts,0,142,0%,87.87
professional instagram bio generator,0,141,0%,78.82
personal headline generator,0,138,0%,81.59
ai for professional headshots,0,136,0%,69.85
caption generator,0,136,0%,94.64
generatore bio instagram,0,135,0%,74.03
ai fotoshoot,0,134,0%,21.67
linkedin profile builder,0,134,0%,86.36
couple photo ai,0,129,0%,55.59
dr headshot,0,126,0%,56.11
instagram bio ai,0,125,0%,57.98
insta bio generator,0,125,0%,60.57
email signature ai,0,124,0%,82.49
ai christmas photos,0,123,0%,43.15
generate instagram captions,0,122,0%,59.55
couple photo maker,0,119,0%,66.71
remaker - ai face swapper,0,116,0%,35.67
remaker ai video,0,115,0%,45.76
free instagram caption generator,0,115,0%,82.87
unreal photo,0,114,0%,11.41
ai linkedin generator,0,110,0%,85.8
unreal images,0,109,0%,36.46
face remaker ai,0,106,0%,39.08
ai generated christmas pictures,0,105,0%,36.29
create bio for instagram,0,102,0%,63.94
remaker,0,101,0%,48.88
ai linkedin headline generator,0,101,0%,79.74
couple ai generator,0,99,0%,60
insta bio creator,0,99,0%,71.96
what is the most realistic headshot ai,0,98,0%,64.4
christmas glamour shots ai,0,95,0%,8.05
ai head shot,0,94,0%,68.06
ai photoshot,0,93,0%,16.04
linkedin account generator,0,93,0%,93.87
ig bio maker,0,92,0%,70.11
unrealshot ai multiperson photo generator,0,89,0%,1.08
linkedin bio ai generator,0,89,0%,63.83
ai couple generator,0,88,0%,55.91
realistic ai headshots,0,87,0%,60.08
insta bio create,0,85,0%,58.67
artificial intelligence photoshoot,0,85,0%,63.25
https://remakeraifaceswap.com/top-10-ai-tools-for-business-productivity/,0,84,0%,10.9
generate bio for instagram,0,84,0%,63.98
headline generator linkedin,0,84,0%,80.75
ai head shots,0,81,0%,66.72
ai-generated linkedin post ideas,0,81,0%,75.17
generateur bio insta,0,80,0%,84.04
ai christmas glamour shot,0,79,0%,8.09
generate professional headshot ai,0,77,0%,64.69
make free ai profile picture,0,76,0%,57.58
lawyer ai headshots,0,75,0%,48.43
create online profile picture,0,75,0%,55.2
professional headshot generator,0,75,0%,75.03
ai linkedin post,0,75,0%,87.05
ai couple photoshoot,0,72,0%,47.79
best ai photoshoot,0,72,0%,51.72
christmas ai generator,0,72,0%,62.76
remarker.ai face swap free,0,70,0%,8.94
unreal photos login,0,70,0%,9.11
free instagram bio,0,70,0%,69.36
free linkedin post generator,0,70,0%,79.61
remaker. ai,0,68,0%,60.31
ai bio generator for instagram,0,68,0%,79.41
ai generated email signature,0,68,0%,83.44
linkedin bio generator ai,0,67,0%,71.52
best ai linkedin post generator,0,67,0%,83.24
video swap remaker,0,66,0%,38.29
ai family christmas photos,0,66,0%,47.52
head shot ai,0,66,0%,63.42
ai generated couple photos,0,65,0%,52.95
remaker ai/face-swap-free,0,65,0%,59.92
instagram+bio+generator,0,64,0%,41.11
instagram profile generator,0,64,0%,76.45
ai generate headshot,0,64,0%,83.08
best ai headshot generators 2025,0,63,0%,71.41
unrealphotos login,0,62,0%,7.89
ai couple portrait,0,62,0%,52.55
linkedin profile generator,0,62,0%,86.95
.remaker ai face swap,0,61,0%,48.87
instagram bio builder,0,61,0%,63.05
#aiglamour,0,60,0%,10.23
christmas ai photo generator,0,60,0%,51.95
ai image remaker,0,60,0%,63.42
glamorous ai,0,60,0%,67.82
email signature generator ai,0,60,0%,86.13
ai headshots professional,0,59,0%,68.98
chef headshots,0,58,0%,13.84
real fake photos,0,58,0%,52.53
ai photo remaker,0,58,0%,63.33
instagram bio create,0,58,0%,67.14
photoshoot ai free,0,57,0%,19.32
couples ai,0,57,0%,65.26
rimekar ai,0,56,0%,46.23
ai-christmas-photo-generator,0,56,0%,49.27
ai couples,0,56,0%,58.18
ai created profile picture,0,56,0%,89.93
vintage fashion ai technology esports competition portrait photography,0,55,0%,8.96
fake photoshoot,0,55,0%,16.09
ai generated couple,0,55,0%,56
face profile picture maker,0,55,0%,75.29
headline generator for linkedin,0,54,0%,81.98
ai to create email signature,0,54,0%,87.52
photo shoot ai,0,53,0%,39.79
instagram bio template generator,0,53,0%,68.36
remaker.ai/face-swap-free,0,53,0%,69.75
profile picture maker,0,53,0%,79.79
create a couple photo using ai,0,52,0%,53.12
pfp maker,0,52,0%,61.69
face swap blog,0,52,0%,71.98
realistic ai headshot generator,0,51,0%,47.37
best free ai headshot generators 2026,0,50,0%,8.96
free ai instagram bio generator,0,50,0%,62.3
ai instagram model generator,0,49,0%,43.51
remaker. ai/face-swap-free,0,49,0%,58.65
christmas picture maker,0,49,0%,78.39
gerador de biografia para instagram,0,48,0%,59.62
ai couples generator,0,47,0%,59.38
professional.headshot ai,0,46,0%,65.83
ai couple photo generator free,0,46,0%,69.02
how to create a professional headshot with ai,0,46,0%,91.72
remarker.ai/face-swap-free,0,45,0%,16.89
ai christmas picture,0,45,0%,39.44
remeker ai,0,45,0%,51.27
couples ai photo generator,0,45,0%,60.2
bio for instagram generator,0,45,0%,71.76
instagram bio generator ai,0,45,0%,78.33
free email signature generator ai,0,45,0%,85.4
creator ai influencer for free,0,44,0%,49.39
ai generated professional headshots,0,44,0%,63.14
profile pic maker,0,44,0%,76.5
ai instagram bio generator,0,44,0%,76.86
linkedin profile maker,0,44,0%,78.52
email signature ai generator,0,44,0%,84.05
ai professional photo,0,43,0%,52.93
instagram bio making,0,43,0%,55.58
gerar bio instagram,0,43,0%,57.95
best free ai headshot generator 2025,0,43,0%,65
online profile picture creator,0,43,0%,77.02
profile maker,0,43,0%,78.42
linkedin ai profile generator,0,43,0%,79.35
profile picture generator,0,43,0%,79.6
ai christmas photoshoot experience,0,42,0%,9.21
best ai couple generator,0,42,0%,54.24
faceswap blog,0,42,0%,62.64
linkedin-post-generator,0,42,0%,79.14
pfpmaker,0,42,0%,80.76
ai christmas pic,0,41,0%,40.49
remekar ai,0,41,0%,48.15
christmas ai photoshoot,0,40,0%,13.1
simulador de bio instagram,0,40,0%,22.48
best ai headshot generator 2025,0,39,0%,73.64
ai professional photo generator,0,39,0%,84
ai person photoshoot,0,38,0%,35.18
free profile picture maker,0,38,0%,40.37
instagram bio ideas generator,0,38,0%,55.82
a i remaker,0,38,0%,72.5
couple ai image generator,0,38,0%,72.55
ai linkedin post generator free,0,38,0%,85.87
ai christmas shoot,0,36,0%,12.06
glamour ai,0,36,0%,21.89
remaker ai alternative,0,36,0%,68.28
ai for headshots,0,36,0%,69.06
create a professional headshot ai,0,36,0%,73.42
how to create an ai professional headshot,0,36,0%,84.06
ai glamour model,0,35,0%,12.43
remaiker ai,0,35,0%,47.43
christmas ai photos,0,35,0%,52.63
ai instagram bio,0,35,0%,64.94
professional bio creator,0,35,0%,92.09
remkar ai,0,34,0%,49.15
online profile picture maker,0,34,0%,61.26
linkedin headline generator free,0,34,0%,71.65
profile photo creator,0,34,0%,75.56
bio for instagram creator,0,34,0%,76.97
ai email signature generator free,0,34,0%,86.35
email signature creator ai,0,34,0%,91.21
best ai profile picture generators 2026,0,33,0%,7.85
photo maker,0,33,0%,8.91
aragon ai free alternative,0,33,0%,13.42
face swap online free remaker ai,0,33,0%,45.48
ai linkedin profile generator,0,33,0%,73.85
doctor ai generator,0,32,0%,54.03
create insta bio,0,32,0%,62.34
ai headsots,0,32,0%,75.53
free linkedin post maker,0,32,0%,76.72
how to create an ai headshot,0,32,0%,82.78
best ai tools to generate full body from face photo 2026,0,31,0%,8.94
ai generated head shots,0,31,0%,56.16
professional photo ai,0,31,0%,59.84
professional headshot ai generator,0,31,0%,78.55
rimaker ai,0,30,0%,43.07
free ai christmas photo generator,0,29,0%,43.79
remaker ai free face swap,0,29,0%,49.03
remaker ai images,0,29,0%,51.41
remarker.ai,0,29,0%,55.31
ai couple pictures,0,29,0%,60.83
ai realtor headshots,0,29,0%,81.93
best ai professional headshot generator,0,29,0%,86.1
email signature generator ai free,0,29,0%,86.28
"""pica ai"" ""outfit change"" or ""change clothes""",0,28,0%,8.36
unrealphotos.io,0,28,0%,17.14
remaker ai video face swap,0,28,0%,43.25
ai couple photos,0,28,0%,51.89
doctor headshot,0,28,0%,56.04
professional head shot ai,0,28,0%,65.89
professional headshot generator ai,0,28,0%,68.96
profile photo generator,0,28,0%,71.71
"best ai avatar generator for corporate team headshots company website 2025 
2026",0,27,0%,7.78
remaker ai face swap photo,0,27,0%,51.11
your generated bios,0,27,0%,69.26
ai headshot photo generator,0,27,0%,70.7
ai post generator for linkedin,0,27,0%,78.22
how to create ai headshot,0,27,0%,78.48
unrealshot ai multiperson photo generator site:unrealshot.com,0,26,0%,1
best ai headshot generator 2025 2026,0,26,0%,13.12
ai glamour shot,0,26,0%,13.58
professional headshots vs ai headshots,0,26,0%,44.04
most realistic ai headshot generator,0,26,0%,45
remaket ai,0,26,0%,47.31
remark ai face swap,0,26,0%,56.77
best ai headshot generator 2026,0,26,0%,61.58
free profile pictures maker,0,26,0%,64.35
how to make ai headshot look more realistic,0,26,0%,70.38
headshot ai generator,0,26,0%,79.04
.remaker ai,0,25,0%,42.12
remaker.ai face swap,0,25,0%,47.52
aiglamour,0,24,0%,23.29
remaker face ai,0,24,0%,38.62
remaker .ai face swap free,0,24,0%,56.5
remaker.ai,0,24,0%,77.75
pfp creator,0,24,0%,83.08
profile picture creator,0,24,0%,83.42
linkedin post generator with image,0,24,0%,85
instagram bios generator,0,23,0%,54.26
bio ig generator,0,23,0%,67.35
ai headshot creator,0,23,0%,71.78
linkedin recommendation generator,0,23,0%,73.04
linkedin recommendations generator,0,23,0%,73.17
generateur bio instagram,0,23,0%,73.7
free ai linkedin post generator,0,23,0%,80.3
linkedin header generator,0,23,0%,86.22
best free ai headshot generator 2026,0,22,0%,8.95
founder headshots,0,22,0%,10.68
remarker face swap free,0,22,0%,12
ai maternity photoshoot,0,22,0%,33.36
ai christmas pictures,0,22,0%,38.82
professional photoshoot ai,0,22,0%,59.32
best free profile picture maker,0,22,0%,61.41
ai headshot professional,0,22,0%,63.5
professional ai headshot generator,0,22,0%,81.55
bio generator,0,22,0%,85.09
virtual influencer generator,0,22,0%,86.09
best ai full body generator from face photo 2026,0,21,0%,4.33
remarker.ai face swap,0,21,0%,19.14
ia photoshoot,0,21,0%,28.76
how to create instagram bio that draws in followers,0,21,0%,52.1
remaker .ai,0,21,0%,68.14
remaker photo,0,21,0%,70.1
linkedin post creator,0,21,0%,83.67
ai for email signature,0,21,0%,86.29
free caption generator for instagram,0,21,0%,86.9
create email signature ai,0,21,0%,90.52
how to create a professional headshot using ai,0,21,0%,93.86
remaker ai facevary,0,20,0%,37.45
remark ai face swap free,0,20,0%,65.15
90s yearbook ai free,0,20,0%,66.55
linkedin slogan generator,0,20,0%,70.8
linkedin profile ai generator,0,20,0%,78.5
how to make ai professional headshots,0,20,0%,92.2
secta ai headshots pricing 2025,0,19,0%,9.47
remaker swap face,0,19,0%,41.47
remaker.ai face swap free,0,19,0%,64.53
pfpmaker com,0,19,0%,66.79
best ai couple photo maker free,0,19,0%,68.79
fake instagram bio,0,19,0%,69.53
ai generator headshot,0,19,0%,73.58
headshot generator ai,0,19,0%,77.32
best ai to create professional headshot,0,19,0%,84.32
linkedin generator,0,19,0%,92.05
best places to get professional photo avatars 2026,0,18,0%,8.22
ai headshots vs real,0,18,0%,32.67
unreal person,0,18,0%,51.83
remaker-ai,0,18,0%,52.83
supershots ai headshots,0,18,0%,59.61
ai generate professional headshots,0,18,0%,65.11
100 free email signature generator,0,18,0%,71.89
generate ai headshots,0,18,0%,83.28
ai headshot maker,0,18,0%,92.5
best ai full body generator from headshot 2026,0,17,0%,7.71
best ai avatar generator for corporate team headshots 2025 2026,0,17,0%,10.94
photoshoot with ai,0,17,0%,16.24
ai glamour models,0,17,0%,39.12
remaker ai face swap video free,0,17,0%,47.88
gerador de bios,0,17,0%,54.76
headshotspro ai,0,17,0%,79.29
ai headshots generator,0,17,0%,79.47
how to ai a professional headshot,0,17,0%,82.53
how to create ai headshot on canva,0,17,0%,88.29
christmas ai photo shoot,0,16,0%,14.06
black swan photoshoot,0,16,0%,16.31
remarker face swap,0,16,0%,20
remaker photo editor,0,16,0%,45.25
face swap online free remaker,0,16,0%,49.31
remaker ai face swap free video,0,16,0%,51.31
ai shots,0,16,0%,59.94
instagram captions creator,0,16,0%,73.94
re maker ai,0,16,0%,74.31
super shots ai generator,0,16,0%,75.56
remake ai face swap,0,16,0%,75.62
linkedin post image generator ai,0,16,0%,81
how to get a professional headshot with ai,0,16,0%,89
ai pfps,0,16,0%,93.38
ai headshot generator pricing 2026,0,15,0%,11.13
chef headshot,0,15,0%,11.67
remaker ai swap,0,15,0%,37.33
ai remaker face,0,15,0%,38.73
remaker ai photo,0,15,0%,40.4
ai face remaker,0,15,0%,45.93
remaker face free,0,15,0%,46.33
ai couples photos,0,15,0%,47.53
ai photo headshot,0,15,0%,64.8
ig captions generator,0,15,0%,65.07
linkedin+post+generator,0,15,0%,65.27
profile creator,0,15,0%,65.53
best realistic ai headshot generator,0,15,0%,68.13
wholesale selfie creator,0,15,0%,78.73
mail signature ai,0,15,0%,81.67
gerador bio instagram,0,15,0%,84.8
how to get ai to make a professional headshot,0,15,0%,86.27
ai candid,0,14,0%,6.86
ramaker.ai/face-swap-free,0,14,0%,24.79
ai doctor photo,0,14,0%,32.79
faceswap remaker,0,14,0%,34.93
ai doctor headshot free,0,14,0%,43.79
remaker ai swap free,0,14,0%,45.5
lawyer headshots examples,0,14,0%,46.93
instagram bio generator free,0,14,0%,52.5
couple ai photo,0,14,0%,55
pfpmaker ai headshot,0,14,0%,57.93
ai bio for instagram,0,14,0%,63.86
linkedin post image generator,0,14,0%,80.79
headline creator pro,0,14,0%,81.5
instagram captions generator,0,14,0%,82.43
aragon ai vs headshotpro,0,14,0%,83
linkedin about me generator,0,14,0%,85.5
ai generated headshots professional,0,14,0%,87.29
remaker ai affiliate program,0,13,0%,13.77
photoshoot ia,0,13,0%,22
90s ai yearbook,0,13,0%,39.23
ai photo shoot free,0,13,0%,47
remaker ai tool,0,13,0%,47.38
remaker face swap online free,0,13,0%,48.31
real fake photo,0,13,0%,50.92
make instagram bio,0,13,0%,54.23
ai generated head shot,0,13,0%,58.08
couplr ai,0,13,0%,64.62
ai holiday photos,0,13,0%,66.46
professional headshot with ai,0,13,0%,72.92
ai create headshot,0,13,0%,73
how to make professional headshot with ai,0,13,0%,94
best ai headshot generator from multiple selfies api 2025 2026,0,12,0%,6.25
christmas glamour shot ai,0,12,0%,8.67
ai headshot generator market size 2025 2026,0,12,0%,9.42
evaluate luxe ai studio on ai maternity photoshoots,0,12,0%,9.75
christmas shoot ai,0,12,0%,13
best ai headshot generators 2026,0,12,0%,16.25
glamour shots app,0,12,0%,45.58
linkedin bio generator free,0,12,0%,55.25
email signature with headshot,0,12,0%,60.08
ai-generated headshots,0,12,0%,62.58
https://remaker.ai/en,0,12,0%,67.75
instagram captions maker,0,12,0%,69.75
a i headshots,0,12,0%,71.33
ai image generator couple,0,12,0%,72.17
profile picture maker free,0,12,0%,76.5
caption generator for instagram free,0,12,0%,76.92
linkedin post generator with image free,0,12,0%,79
best professional headshot ai generator,0,12,0%,86.5
photo profile maker,0,12,0%,90.33
re maker,0,12,0%,94.92
aragon ai headshots linkedin,0,11,0%,5
best ai tools to turn selfie into full body photo 2026,0,11,0%,9.18
ai holiday photo shoot,0,11,0%,14.82
ai glamour pics,0,11,0%,20.91
ai photo shooting viral,0,11,0%,22.55
ai headshots for lawyers,0,11,0%,26.91
90s yearbook ai,0,11,0%,37.09
remaker swap,0,11,0%,37.09
profile pic maker free,0,11,0%,37.91
ai 90s yearbook,0,11,0%,41
natural dating photos,0,11,0%,42.82
face swap remaker ai,0,11,0%,44.18
ai photo session,0,11,0%,46.64
remakeraifaceswap,0,11,0%,48.73
remaker ai/face swap,0,11,0%,49.36
realistic headshot generator,0,11,0%,51.45
ai generated yearbook photos,0,11,0%,54
remaker.ai.face.swap,0,11,0%,54
unreal photography,0,11,0%,55.82
realistic headshots,0,11,0%,56.45
inflact caption generator,0,11,0%,66
linkedin biography generator,0,11,0%,68
ai couple photo editing,0,11,0%,69.27
ai create professional headshot,0,11,0%,71.36
ai influencer generators,0,11,0%,72.27
copy.ai linkedin headline generator,0,11,0%,77.73
how to create headshot with ai,0,11,0%,79.18
ai create email signature,0,11,0%,81.45
ai photo generator professional headshot,0,11,0%,81.55
how to make a professional headshot with ai,0,11,0%,89.09
real shot ai,0,10,0%,6.1
best ai tools to generate full body image from face photo 2026,0,10,0%,6.6
headshotpro pricing 2026,0,10,0%,8.6
ai headshot generator pricing for individuals 2026,0,10,0%,9.3
remaker ai baby,0,10,0%,17.3
photoshot ai,0,10,0%,18.9
remaker.ai face-swap-free,0,10,0%,40.8
best free ai influencer generator,0,10,0%,41.6
are ai headshots worth it,0,10,0%,42.5
funny personal bio generator,0,10,0%,44.1
remaker face swap video,0,10,0%,46.8
are ai headshots professional,0,10,0%,47
pfp maker free,0,10,0%,47.4
ai 90s yearbook generator,0,10,0%,49.9
ai generated professional photo,0,10,0%,57.9
free couple generator,0,10,0%,58.4
pfp maker.com,0,10,0%,59.8
i 3 pfp maker,0,10,0%,61.1
ai 90s,0,10,0%,64.4
bio instagram creator,0,10,0%,68.1
remakr ai,0,10,0%,71.8
professional headshot creator,0,10,0%,72.5
ai yearbook pictures,0,10,0%,74.1
remaker free,0,10,0%,75.3
ai business headshot generator,0,10,0%,76.8
create ai professional headshot,0,10,0%,79
how to make an ai headshot,0,10,0%,85.6
profile image maker,0,10,0%,85.8
ai yearbook pics,0,10,0%,86.7
ai virtual headshot generator,0,10,0%,89.8
ai yearbook maker,0,10,0%,91.9
lightx uniform generator review,0,9,0%,6.67
unreal pfp,0,9,0%,7.67
best ai photo generators january 2026,0,9,0%,8.11
lightx ai headshot generation time,0,9,0%,9.89
al photoshoot,0,9,0%,11.11
christmas ai shoot,0,9,0%,11.78
ai glamour photos,0,9,0%,12.78
creative christmas photo editing ideas with ai,0,9,0%,17.22
ai lawyer headshot,0,9,0%,21.89
swap ai renova,0,9,0%,40.33
ai christmas images,0,9,0%,41
remaker ai face wash free,0,9,0%,46.67
90s ai,0,9,0%,49.56
profile picture generator online free,0,9,0%,57
professionalaiheadshot,0,9,0%,63.22
remaker ai/face swap free,0,9,0%,63.22
copy ai linkedin headline generator,0,9,0%,63.78
professional headshots with ai,0,9,0%,67.11
remker ai,0,9,0%,67.11
instagram bio free,0,9,0%,67.78
rameker ai,0,9,0%,72.89
how to make ai headshot,0,9,0%,74.78
instagram account generator,0,9,0%,77.11
studioshot ai review,0,9,0%,77.89
creative christmas photo ideas,0,9,0%,78
linkedin+headline+generator,0,9,0%,79
instagram.caption generator,0,9,0%,79.22
generate professional photo ai,0,9,0%,79.78
linkedin post template generator,0,9,0%,80.78
how to create instagram bio,0,9,0%,83.78
linkedin post maker,0,9,0%,84.89
ai headshot examples,0,9,0%,91.22
how to use ai to make a professional headshot,0,9,0%,92
ai for linkedin post,0,9,0%,92.33
remaker all,0,9,0%,92.33
dating profile generator,0,9,0%,95.33
legal headshot,0,9,0%,96.22
fake hinge profile maker,0,8,0%,8.38
unrealyume,0,8,0%,8.5
online platform 1990s character images credited to woman,0,8,0%,8.75
top ai headshot generators january 2026,0,8,0%,8.75
"site:g2.com or site:capterra.com ""realist films""",0,8,0%,9
evaluate luxe ai studio on elegant maternity portraits,0,8,0%,9.5
best ai headshot generators 2025 2026,0,8,0%,13
christmas photo shoot ai,0,8,0%,14.12
lexistock ai,0,8,0%,14.5
best ai avatar generator for corporate team headshots 2026,0,8,0%,14.88
ai photoshooting,0,8,0%,16.75
ai doctor photo generator free,0,8,0%,24.12
remaker faceswap,0,8,0%,25.62
remarker ai tool,0,8,0%,37.62
.remaker,0,8,0%,44
ai maternity,0,8,0%,44.12
90s yearbook photos ai,0,8,0%,46.25
ai maternity photos,0,8,0%,47.25
90's ai yearbook,0,8,0%,48.38
remaker ai photo swap,0,8,0%,50.62
remaker aiface swap,0,8,0%,52.12
couple image generator,0,8,0%,60.12
virtual photoshoot ai,0,8,0%,65
create couple photo,0,8,0%,67.75
remaker. ai face swap free,0,8,0%,68.12
couple photo generator free,0,8,0%,69.62
"remaker,ai",0,8,0%,71.12
linkedin job description generator,0,8,0%,73.12
headline linkedin generator,0,8,0%,75.5
instagram bio tool,0,8,0%,75.75
ai linked in headshots,0,8,0%,76.88
ai photo generator for professional headshot,0,8,0%,80.62
how to make an ai professional headshot,0,8,0%,82.38
ai image generator professional headshot,0,8,0%,83.62
ai generated linkedin posts,0,8,0%,85.25
linkedin post ai,0,8,0%,85.38
create professional photo ai,0,8,0%,89.25
profil pic maker,0,8,0%,90.12
create professional headshots,0,8,0%,95
bio writer for instagram,0,8,0%,95.38
lightx ai duo photoshoot review or alternative 2026,0,7,0%,3
creashot ai,0,7,0%,8.14
unrealphoto,0,7,0%,8.14
best ai headshot generators from selfies 2026,0,7,0%,8.57
ai photshoot,0,7,0%,9.29
ai couple selfie,0,7,0%,9.71
best ai headshot generator from selfie 2026,0,7,0%,11.86
ai christmas photoshoots,0,7,0%,13
unrealphotos sign in,0,7,0%,17
unreal person нейросеть,0,7,0%,25.14
unreal photos io,0,7,0%,32
ai generated photo shoot,0,7,0%,33.57
ai-powered photography services san francisco,0,7,0%,39.29
remaker.ai face,0,7,0%,44.57
photoshoot dating,0,7,0%,44.71
remaker ai face swap free online,0,7,0%,49.29
ai couple maker,0,7,0%,50.14
re maker.ai/face-swap-free,0,7,0%,51.14
ai acting headshots,0,7,0%,52
doctor headshot ai,0,7,0%,56
ai 80s yearbook,0,7,0%,56.29
remaker face swap online,0,7,0%,56.29
ai remaker images,0,7,0%,56.71
ai dating headshots,0,7,0%,60.14
80s yearbook ai,0,7,0%,64.57
headshot photo ai,0,7,0%,65.43
pfpmaker .com,0,7,0%,66.86
bio instagram maker,0,7,0%,67.14
create ai headshot,0,7,0%,68.43
ai linkedin profile generator free,0,7,0%,69.14
ai headshots $25,0,7,0%,70.14
ai couple photo editor,0,7,0%,71.14
yearbook ai photos,0,7,0%,71.43
ai headshots.,0,7,0%,73.86
ai model shoot,0,7,0%,75.29
ai generator professional headshot,0,7,0%,76.43
ai headhost,0,7,0%,76.57
instagram bio generator with emoji,0,7,0%,77.43
linkedin ai headline generator,0,7,0%,81.14
proshots ai,0,7,0%,81.29
प्रोफाइल फोटो मेकर,0,7,0%,81.29
best linkedin headline generator,0,7,0%,84.43
professional pic maker,0,7,0%,85.29
remake.ai face swap,0,7,0%,85.43
headshot in email signature,0,7,0%,89.43
profile picture editor,0,7,0%,93.29
how to make a professional headshot using ai,0,7,0%,93.57
ai headshots maker,0,7,0%,95.14
free ai yearbook,0,7,0%,95.29
best ai full body generator from selfie 2026,0,6,0%,5
lightx ai duo photoshoot review 2026,0,6,0%,5
studioshot ai headshots pricing 2025,0,6,0%,7
unreal face swap,0,6,0%,7.33
looktara ai headshot pricing,0,6,0%,8.67
professional chef headshots,0,6,0%,13
ai headshot generator market size 2025,0,6,0%,14.17
profilephoto pro,0,6,0%,15.67
candid dating profile photos,0,6,0%,17.17
black swan pfp,0,6,0%,26.83
remaker video face swap,0,6,0%,36.17
remaker video swap,0,6,0%,36.83
ai influencer generator app,0,6,0%,37.83
remaker .ai face swap,0,6,0%,43.5
90 ai yearbook,0,6,0%,47.83
dr.headshot,0,6,0%,48
remaker face swap ai,0,6,0%,48
couple photo ai generator,0,6,0%,48.5
generate instagram bio,0,6,0%,49.5
remaker ai online free,0,6,0%,50.83
photo remaker,0,6,0%,51.67
glamour photoshoot,0,6,0%,55.67
professional photo generator ai,0,6,0%,56.17
ai actor headshots,0,6,0%,57.33
remaker ai/face,0,6,0%,57.67
ai generated couples,0,6,0%,57.83
detect synthetic profile images dating,0,6,0%,59.5
ai generated professional photos,0,6,0%,60.67
remaker ai. face swap free,0,6,0%,62.17
instagramcaption.ai,0,6,0%,63.17
couple ai photo generator free,0,6,0%,63.67
instagram profile bio generator,0,6,0%,65.5
yearbook photos ai,0,6,0%,66.33
ai professional.headshots,0,6,0%,69.5
aragon ai headshots,0,6,0%,71
ai professional photoshoot,0,6,0%,73.17
free profile photo maker,0,6,0%,75
ai headshor,0,6,0%,75.33
ai photoshoot headshots,0,6,0%,75.5
how to create a headshot with ai,0,6,0%,75.83
generate ai headshot,0,6,0%,77
glamme ai,0,6,0%,77.17
ai generated yearbook picture,0,6,0%,78.17
linkedin post generator free,0,6,0%,78.67
profile pic generator,0,6,0%,78.83
linkedin bio writer,0,6,0%,80.17
90s photos ai,0,6,0%,81.33
ai linkedin posts generator,0,6,0%,82.33
create professional headshot with ai,0,6,0%,82.67
email signature ai free,0,6,0%,82.67
bio generator free,0,6,0%,85
ai headline generator linkedin,0,6,0%,85.67
doctor headshot photo,0,6,0%,86
headshot maker ai,0,6,0%,86.5
linkedin post preview generator,0,6,0%,87.33
gen ai headshots,0,6,0%,87.67
insta caption generator,0,6,0%,88.67
how to make ai headshots,0,6,0%,89
how to get ai headshot,0,6,0%,90.33
générateur de photo de profil,0,6,0%,90.83
how to use ai to create a professional headshot,0,6,0%,90.83
caption generator for instagram post,0,6,0%,92.5
ai professional portrait generator,0,6,0%,93.17
headshots ai generator,0,6,0%,94.83
best ai full body generator from face 2026,0,5,0%,6.2
ai tools to generate full body from face photo 2026,0,5,0%,8
remaker ai body swap free,0,5,0%,9.2
best ai profile picture generator 2026,0,5,0%,9.8
ai headshot generator pricing comparison 2026,0,5,0%,10.6
halloween ai photoshoot,0,5,0%,10.6
remarker.ai face,0,5,0%,12.4
ai halloween photoshoot,0,5,0%,13
unreal person generator,0,5,0%,16.4
hinge profile generator,0,5,0%,17
best ai portrait generator 2026,0,5,0%,22.4
ai doctor photo generator,0,5,0%,28.8
remarker ai face,0,5,0%,32.6
unrealimages,0,5,0%,37
ai 90s yearbook photos,0,5,0%,38.4
remaker ai face s,0,5,0%,41.8
90s yearbook photo ai,0,5,0%,42.4
create my instagram bio,0,5,0%,42.8
ai generated christmas images,0,5,0%,43.4
90's yearbook photos ai,0,5,0%,45.4
gerador de bio para instagram,0,5,0%,47.2
dr headshot free,0,5,0%,49
doctor ai photo,0,5,0%,49.6
generator bio instagram,0,5,0%,49.6
remaker+ai,0,5,0%,49.8
remaker ai (facevary),0,5,0%,50.4
ai couple photo maker app,0,5,0%,52.4
profile creator online,0,5,0%,54
create instagram bio generator,0,5,0%,54.8
realistic headshot,0,5,0%,56.8
remaker ai /face swap free,0,5,0%,60.4
remaker. a,0,5,0%,60.4
headshootai,0,5,0%,61.2
remaker ai review,0,5,0%,61.4
ai professional photos,0,5,0%,65
yearbook ai photo,0,5,0%,65.8
ai generated images couple,0,5,0%,67
profile create online,0,5,0%,67.6
profil photo maker,0,5,0%,69.8
instagram bio simulator,0,5,0%,70.4
make a professional photo ai,0,5,0%,70.8
free linkedin profile builder,0,5,0%,71.4
couple ai generator free,0,5,0%,72
yearbook ai,0,5,0%,73.6
free instagram bio generator,0,5,0%,74
remark ai,0,5,0%,76.8
ai couples images,0,5,0%,77.2
90s ai generator,0,5,0%,77.6
profile pictures generator,0,5,0%,77.6
ai image generator for professional headshots,0,5,0%,79.4
pfpmarker,0,5,0%,80.2
ai linkedin post generation,0,5,0%,81.2
pic profile maker,0,5,0%,81.6
instagram account maker free,0,5,0%,82.6
corporate headshots ai,0,5,0%,83.8
linkedin headline ai,0,5,0%,84
instagram caption generator from photo,0,5,0%,86
ai couple photo maker online free,0,5,0%,87.8
how to use ai to create a headshot,0,5,0%,88.8
how to get an ai generated headshot,0,5,0%,89.2
generative ai headshot,0,5,0%,89.8
fake linkedin profile generator,0,5,0%,90.2
my ai yearbook,0,5,0%,90.6
professional email signature generator,0,5,0%,91.4
ai-generated dating profile photos,0,5,0%,91.6
нейрофотосессия,0,4,0%,3
botanic ai,0,4,0%,7.25
best ai headshot generators 2026 pricing comparison,0,4,0%,7.75
ai christmas glamour shots,0,4,0%,8.25
top ai profile picture generators 2026,0,4,0%,8.75
studioshot ai headshot pricing,0,4,0%,9
ai headshot generator market size 2026,0,4,0%,9.25
remaker ai baby generator,0,4,0%,9.25
ai candid photos,0,4,0%,9.5
ai generated holiday photoshoots,0,4,0%,9.5
top ai headshot generators 2026,0,4,0%,13.5
ai photoshoot christmas,0,4,0%,13.75
instagram bio generator recurpost,0,4,0%,21.25
edit foto ai,0,4,0%,22.5
headshot pro refund,0,4,0%,28.5
swap face remaker,0,4,0%,28.5
maternity photoshoot ai,0,4,0%,34
datingshoot,0,4,0%,35
free ai photoshoot generator,0,4,0%,36.25
ai christmas photo free,0,4,0%,38.25
remaker ai headshot,0,4,0%,38.75
ai outdoor photoshoot,0,4,0%,40.5
ai christmas family photo,0,4,0%,40.75
christmas ai images,0,4,0%,40.75
ai for photoshoot,0,4,0%,41
remaker_ai,0,4,0%,44
remaker/face-swap-free,0,4,0%,45.25
pfp maker. com,0,4,0%,46.5
remaker face ai swap,0,4,0%,46.5
remaker ai website,0,4,0%,47.25
ai hinge photos,0,4,0%,49
dating website ua gallery,0,4,0%,49.5
remaker ai video swap free,0,4,0%,49.75
remaker ai background swap free,0,4,0%,51.75
instagram bio generator free tool,0,4,0%,52
ai remarker,0,4,0%,52.5
remarkar ai,0,4,0%,52.5
remaker ai/ face swap free,0,4,0%,53
dr. headshot,0,4,0%,53.5
remaker ai face swap face,0,4,0%,53.75
couple photo maker ai,0,4,0%,55.75
bio generator recurpost,0,4,0%,57.75
create bio instagram,0,4,0%,57.75
headshoot ai,0,4,0%,58.25
ai influencer image generator,0,4,0%,60.5
free bio for instagram,0,4,0%,60.5
remakes ai,0,4,0%,62
ai make couple photo,0,4,0%,63
professional profile photo maker,0,4,0%,63
ai influencer generator for free,0,4,0%,63.5
ai headshots for real estate agents,0,4,0%,63.75
ai bio generator recurpost,0,4,0%,64.25
linkedin profile builder free,0,4,0%,65
professional ai,0,4,0%,65.25
linkedin post screenshot generator,0,4,0%,66.25
linkedin headline generator free online,0,4,0%,66.5
headshots with ai,0,4,0%,70
profile picture maker online,0,4,0%,70.75
linked in post generator,0,4,0%,71.75
ai influencer generator instagram,0,4,0%,72.5
generate professional headshot,0,4,0%,73
ai yearbook photobooth,0,4,0%,73.75
free ai bio generator for instagram,0,4,0%,74.75
linkedin headline creator,0,4,0%,76.75
proflie maker,0,4,0%,77
instagram+caption+generator,0,4,0%,77.75
ai generated linkedin headline,0,4,0%,78.25
ai couple wedding photo generator,0,4,0%,78.5
profile photos maker,0,4,0%,79.25
make profile picture,0,4,0%,80
romantic ai image generator,0,4,0%,80.5
recommendation linkedin generator,0,4,0%,80.75
how to create ai headshots,0,4,0%,81.75
ai email signature maker,0,4,0%,82.75
couple ai image generator free,0,4,0%,82.75
linkedin ai content generator,0,4,0%,83
ai generate profile photo,0,4,0%,83.25
profil picture maker,0,4,0%,84.25
maker swap,0,4,0%,84.5
ai pro headshots,0,4,0%,85
ai generate yearbook,0,4,0%,86.5
caption instagram generator,0,4,0%,87.75
headshot photo generator,0,4,0%,88.75
profile pic creator,0,4,0%,88.75
how to create a headshot using ai,0,4,0%,91
caption generator instagram,0,4,0%,93.25
linkedin caption generator,0,4,0%,93.25
ai photo headshot generator,0,4,0%,100
how to ai generate a professional headshot,0,4,0%,100
ai generated profile pictures occupations 2026,0,3,0%,5.67
keor unreal,0,3,0%,6.33
secta ai pricing 2025 headshots,0,3,0%,6.33
secta ai pricing headshots 2025,0,3,0%,6.67
best ai headshot generator from multiple selfies with api 2025 or 2026,0,3,0%,7.67
ai halloween photo shoot,0,3,0%,8.33
best free ai headshot to full body generator 2026,0,3,0%,8.33
best free ai headshot tools 2026,0,3,0%,8.33
instagram bio real creator,0,3,0%,8.33
"professional headshots are a must in many industries, but the cost of a 
professional headshot package from a photographer can be astronomical, with 
some photographers charging $500 or more. as an alternative, new ai-powered 
self-service headshot photo booths are popping up around the country. 
_____________this service, a person need only make an appointment, arrive 
at the studio, sit in a chair in the 'pod' with professional-grade 
lighting, and follow the onscreen instructions as the ai takes, retakes, 
and retouches the photos in real time. which choice completes the text so 
that it conforms to the conventions of standard english? select one answer 
a use of b to use c using d having used",0,3,0%,8.67
best ai headshot generators from selfie 2026,0,3,0%,9
unrealphotos.io review,0,3,0%,9
lightx ai uniform generator review,0,3,0%,9.33
techradar best ai headshot generator 2026,0,3,0%,9.33
aiclearshot,0,3,0%,9.67
free pfp maker,0,3,0%,10
remarker ai swap face,0,3,0%,10
ai phothoshoots,0,3,0%,10.33
best ai background removal tools for corporate headshots 2026,0,3,0%,10.33
maternity ai photoshoot,0,3,0%,11
best ai headshot generator from multiple selfies api 2025 or 2026,0,3,0%,12
ai portrait generator,0,3,0%,14.33
fake photo shoot,0,3,0%,14.67
libra ai halloween shoot details,0,3,0%,15
remaker ai voice clone,0,3,0%,17
best ai cumshot generator 2026,0,3,0%,17.67
ai photos for hinge,0,3,0%,18.33
ai christmas photoshoot ideas,0,3,0%,18.67
ai headshot generator comparison 2026,0,3,0%,21
ai christmas photo prompt,0,3,0%,21.33